Usuario;TagNick;DataPost;Texto;Comentarios;Likes;Retweets;Texto_Traduz;Classifica√ß√£o_Blob;percent_pos_blob;percent_neg_blob;Azure_Sentiment;Azure_percent_pos;Azure_percent_neg;Azure_percent_neutro;Classificacao_flair;percent_pos_flar;percent_neg_flar;Percent_Media_final;Class_final
Isa do vascoüí¢;GambartiIsadora;2022-11-23 22:36:57+00:00;"Oxi meu pai resolveu viajar agr
Marcou umas tr√™s viagem pro ano que vem ja";0;0;0;"Oxi my father decided to travel now
Booked about three trips for next year already";pos;0.7470860369657185;0.2529139630342827;positive;0.63;0.02;0.35;POSITIVE;0.98095703125;0.01904296875;0.7470000142093883;Positivo
BUENA CABEZA DE HUEVOüá¶üá∑ü§ùüáßüá∑par√≥dia.;revoltado142;2022-11-23 22:36:56+00:00; Vai te a merd4, n√≥s odiamos futebol , contudo somos obrigados a ver o Vasco pq o filho de uma put4 do meu pai escolheu esse time pra mim !;0;0;0;Fuck you, we hate football, but we have to watch Vasco because my father's son of a bitch chose this team for me!;neg;0.2631037597753205;0.736896240224677;negative;0.01;0.99;0.0;NEGATIVE;0.07815825939178467;0.9218417406082153;0.0656314683655557;Negativo
Lo;crvg_salg;2022-11-23 22:36:47+00:00;Vasco, o time que vende ingresso sem t√©cnico e sem jogador ;0;0;0;Vasco, the team that sells tickets without a coach and without a player;neg;0.4078654514481925;0.5921345485518087;neutral;0.01;0.14;0.85;NEGATIVE;0.4476931095123291;0.5523068904876709;0.1918930957818358;Negativo
tom√°s;tomassilv4;2022-11-23 22:36:43+00:00;_Miguel12 exatamente.. vamos indo e vamos vendo;0;0;0;_Miguel12 Exactly.. let's go and see;pos;0.5228539766531107;0.4771460233468891;positive;0.71;0.02;0.27;POSITIVE;0.9897006750106812;0.010299324989318848;0.7631793323820676;Positivo
Muito Vasco ‚ú†;marciodener06;2022-11-23 22:36:40+00:00; _info  O ADM √© flamenguista.;0;0;0;_info The ADM is from Flamengo.;pos;0.6473880192816939;0.3526119807183065;neutral;0.01;0.0;0.99;NEGATIVE;0.034610867500305176;0.9653891324996948;0.1080871077546149;Negativo
n√£o vou voltar;naovouvoltar1;2022-11-23 22:36:30+00:00;_cruzmaltina  O associativo pelo jeito ainda permanece no Vasco.;0;0;0;_cruzmaltina The association apparently still remains in Vasco.;pos;0.6980181451577913;0.3019818548422077;neutral;0.01;0.01;0.98;NEGATIVE;0.21869701147079468;0.7813029885292053;0.16791602401419725;Negativo
Jottinha üé±;Da_Vasco22;2022-11-23 22:36:12+00:00;Infelizmente os bons sofrem at√© si tornarem maus üé≠;0;0;0;Unfortunately the good suffer until they become bad üé≠;neg;0.4052429076767876;0.5947570923232126;negative;0.0;1.0;0.0;NEGATIVE;0.0008742213249206543;0.9991257786750793;0.058141621475232705;Negativo
camisa 10 do vasco;VaVizcaino;2022-11-23 22:36:10+00:00;quero sabe o dia que eu vo namora pra ir em uma adega as 2 da manha buscar meu namorado na facada, pq eu mandei ele n√£o sair;0;0;0;I want to know the day I'm going to date so I can go to a wine cellar at 2 am to pick up my boyfriend after he was stabbed, because I told him not to go out;neg;0.0649752510487616;0.9350247489512375;negative;0.23;0.65;0.12;NEGATIVE;0.15644997358322144;0.8435500264167786;0.18541074260217208;Negativo
Vasco da gama, apenas;crvg_8968;2022-11-23 22:36:09+00:00;Essas meninas que trabalham comigo alegram o meu dia cara kkkkk‚ù§Ô∏èüòÇ;0;0;0;These girls who work with me brighten my day man kkkkk‚ù§Ô∏èüòÇ;pos;0.5344411434462376;0.4655588565537616;positive;0.99;0.0;0.01;POSITIVE;0.9992918968200684;0.0007081031799316406;0.9275749910123391;Positivo
ale;alexandre_982;2022-11-23 22:36:06+00:00;"777 no vasco me iludiu mais q ela 
porra n contrata ngm";0;0;0;"777 in Vasco deceived me more than her
damn don't hire anyone";pos;0.8388763728273401;0.1611236271726596;neutral;0.18;0.17;0.65;NEGATIVE;0.00023800134658813477;0.9997619986534119;0.22276462507435948;Negativo
Bruna Lu√≠za Jansen;_brunaluizaj;2022-11-23 22:35:58+00:00;Lu√≠za 3 anos / fiel Vasco, n√£o quer a blusa do Brasil;0;0;0;Lu√≠za 3 years old / faithful Vasco, doesn't want the Brazil shirt;pos;0.7093334317395513;0.290666568260449;neutral;0.08;0.03;0.89;POSITIVE;0.8568636178970337;0.1431363821029663;0.39186580964765977;Negativo
Augusto Ferron ‚ú†;Vasco2020_;2022-11-23 22:35:57+00:00;"Thiago Borbas: 18 gols em 36 jogos no campeonato Uruguaio, 20 anos

Vasco: Bissoli 

Ok";0;0;0;"Thiago Borbas: 18 goals in 36 games in the Uruguayan league, 20 years old

Basque: Bissoli

OK";pos;0.9181063105758328;0.081893689424168;neutral;0.03;0.07;0.9;POSITIVE;0.99730384349823;0.0026961565017700195;0.4332448567960418;Neutro
Felipe Vasc√£o 7Ô∏è‚É£7Ô∏è‚É£7Ô∏è‚É£;felipealvesdir;2022-11-23 22:35:56+00:00;_cruzmaltina  Ah vtnc...o Vasco n√£o me d√° paz nem na copa do mundo...tnc;0;0;0;_cruzmaltina Ah vtnc... Vasco doesn't give me peace even in the world cup...tnc;pos;0.6962647962804942;0.3037352037195053;negative;0.16;0.75;0.09;NEGATIVE;0.0005058050155639648;0.999494194984436;0.19103948661594602;Negativo
Madruga;madrugavascaino;2022-11-23 22:35:43+00:00;E o Vasco? Que n√£o tem time e tem dois jogos marcados pro mesmo dia? ;0;0;0;What about Vasco? Who doesn't have a team and has two games scheduled for the same day?;neg;0.4617278605378149;0.5382721394621856;neutral;0.01;0.08;0.91;NEGATIVE;0.3592943549156189;0.6407056450843811;0.17433093862415042;Negativo
brayanü¶Ö;brayansxte23;2022-11-23 22:35:34+00:00; Por isso vasco √© gigante, ele faz bem pro Brasil, flamengo √© uma merda que existe no Brasil a anos e ningu√©m faz nada...;0;0;0;That's why Vasco is huge, he does good for Brazil, flamengo is shit that has existed in Brazil for years and nobody does anything...;pos;0.7827030867767099;0.2172969132232884;negative;0.24;0.75;0.01;NEGATIVE;0.0922427773475647;0.9077572226524353;0.2753126630674056;Negativo
Vasc√£o da zoeira;vascaodazoeira;2022-11-23 22:35:31+00:00;Nem os professores Vascainos s√£o normais mais‚Ä¶ o Vasco acabou com a cabe√ßa do torcedor kkkkkkkkkkkk;0;1;0;Not even Vasco teachers are normal anymore... Vasco ended up with the fan's head kkkkkkkkkkkk;pos;0.7066644112092177;0.2933355887907812;negative;0.02;0.57;0.41;NEGATIVE;0.007366478443145752;0.9926335215568542;0.11448533829935846;Negativo
OKR4V ‚ú†;EuSouVascaino_;2022-11-23 22:35:21+00:00;_x23 Acabou o Vasco associa√ß√£o, aceitem que esse √© o Vasco agora e cobrem pro melhor sempre porra;0;0;0;_x23 Vasco association is over, accept that this is Vasco now and charge for the best always damn;pos;0.7092775520087483;0.2907224479912521;positive;0.99;0.01;0.0;POSITIVE;0.9955601692199707;0.004439830780029297;0.9514854129212413;Positivo
GUSTAVO ROCHA;100MEDO777;2022-11-23 22:35:20+00:00; Vem logo jogar no vasco;0;0;0;Come soon to play in Vasco;pos;0.5376955467465853;0.4623044532534148;positive;0.55;0.03;0.41;POSITIVE;0.9947644472122192;0.005235552787780762;0.6753177773101463;Positivo
Judice;Judic_Pedro;2022-11-23 22:35:05+00:00;Vasco o crlh eu sou fog√£o ;0;0;0;Vasco o crlh i am a stove;neg;0.1666666666666664;0.833333333333333;neutral;0.09;0.03;0.88;POSITIVE;0.9997254014015198;0.0002745985984802246;0.360873924209958;Negativo
deva est√° vivo e vai jogar no vasco;devambraga;2022-11-23 22:35:04+00:00;toda vez que eu passo pelo anc***** de carro, minha cabe√ßa vira pra olhar, √© involunt√°rio. na minha mente, passa um filme top 50 traumas que eu passei nesse lugar director's cut ;0;0;0;every time I drive past the anc***** my head turns to look, it's involuntary. in my mind, there is a movie of the top 50 traumas that I went through in this place director's cut;neg;0.4911550223034642;0.5088449776965371;negative;0.02;0.98;0.0;NEGATIVE;0.0003399848937988281;0.9996600151062012;0.08169071315586597;Negativo
vini do vale | 100% Vascoüêçüñ§;Vi_adinho01;2022-11-23 22:35:03+00:00; KAKAKAKAKKA oh meu deus;0;0;0;KAKAKAKAKKA oh my god;neg;0.4884393063583815;0.5115606936416186;positive;0.61;0.15;0.24;POSITIVE;0.8116986155509949;0.18830138444900513;0.6502623624943388;Positivo
full metal jacket;2004outubro;2022-11-23 22:34:57+00:00;voando de convers√≠vel famoso skunk da vasco;0;1;0;flying in the famous skunk da vasco convertible;pos;0.815180038171048;0.1848199618289519;neutral;0.38;0.01;0.61;POSITIVE;0.9992901086807251;0.0007098913192749023;0.619108607933214;Neutro
Ricardo Batista;rikhar;2022-11-23 22:34:57+00:00;_pv junta-te ao clube... o  tb tem... tamb√©m muito v√°lido;0;0;0;_pv join the club... the tb has... also very valid;pos;0.7879999424845116;0.2120000575154889;positive;0.57;0.01;0.43;POSITIVE;0.990203857421875;0.009796142578125;0.7212010939040373;Positivo
gberica;gberica777;2022-11-23 22:34:57+00:00;_pilatti √â do vasco, vi no Twitter do Daniel jogadas;0;0;0;_pilatti It's from Vasco, I saw the plays on Daniel's Twitter;neg;0.478027909374965;0.5219720906250355;neutral;0.0;0.0;0.99;NEGATIVE;0.18851608037948608;0.8114839196205139;0.12215143859056245;Negativo
ùïÉùï¶ùïîüÖ∞Ô∏èùï§ ·∂ú ≥·µõ·µç;lc__nascimento;2022-11-23 22:34:55+00:00; Paguei 200 pra ver o Vasco tomar 3x0 pro Cruzeiro, esse a√≠ t√° muito tranquilo;0;0;0;I paid 200 to see Vasco take 3x0 for Cruzeiro, that one is very calm;pos;0.6601950102902296;0.3398049897097708;neutral;0.31;0.03;0.67;POSITIVE;0.9056953191757202;0.09430468082427979;0.5302265212345243;Neutro
monsores;mon5ores;2022-11-23 22:34:54+00:00;_Netto parece o vasco;0;0;0;_Netto looks like the Basque;pos;0.6251823697632447;0.3748176302367554;neutral;0.07;0.06;0.88;NEGATIVE;0.014875411987304688;0.9851245880126953;0.13356188481969344;Negativo
MR News;HugoRei32177896;2022-11-23 22:34:53+00:00;Ingressos Vasco x River Plate Florida Tour, Keiller, Grohe, Terans, Rodinei, Natanael e outras¬†contrata√ß√µes ;0;0;0;Vasco x River Plate Florida Tour tickets, Keiller, Grohe, Terans, Rodinei, Natanael and other signings;pos;0.9878970068511914;0.0121029931488061;neutral;0.0;0.0;1.0;POSITIVE;0.9926344752311707;0.007365524768829346;0.42473799390193323;Neutro
Chicken Soup;Elvis_vasco;2022-11-23 22:34:52+00:00; Quem s√£o?;0;0;0;Who are?;pos;0.5074026688214762;0.4925973311785237;neutral;0.0;0.0;0.99;NEGATIVE;0.09327399730682373;0.9067260026931763;0.09913580906216053;Negativo
